tag_id,tag_desc
1,#to
2,#million
3,#suggest
4,#hit
5,#sound
6,#economic
7,#PM
8,#parent
9,#far
10,#feeling
11,#late
12,#until
13,#describe
14,#over
15,#relationship
16,#need
17,#friend
18,#understand
19,#picture
20,#prevent
21,#religious
22,#the
23,#feel
24,#say
25,#because
26,#bill
27,#light
28,#open
29,#positive
30,#anyone
31,#operation
32,#bank
33,#care
34,#professor
35,#between
36,#food
37,#election
38,#far
39,#company
40,#remain
41,#store
42,#senior
43,#central
44,#understand
45,#week
46,#effect
47,#stage
48,#trouble
49,#show
50,#everyone
