1,Chef's knife,"Use for chopping, slicing, and dicing ingredients.",https://placekitten.com/897/433
2,Cutting board,Place ingredients on the board for cutting and chopping.,https://placekitten.com/893/149
3,Mixing bowls,Use for mixing ingredients or as containers for food preparation.,https://dummyimage.com/562x191
4,Measuring cups,Use to measure dry or liquid ingredients.,https://picsum.photos/160/839
5,Measuring spoons,Use to measure small amounts of dry or liquid ingredients.,https://placekitten.com/122/404
6,Whisk,Use for mixing and incorporating air into ingredients.,https://dummyimage.com/250x255
7,Wooden spoon,"Use for stirring, mixing, and scraping ingredients.",https://placekitten.com/864/678
8,Spatula,"Use for flipping, lifting, and spreading ingredients.",https://dummyimage.com/912x923
9,Ladle,"Use for serving soups, stews, and sauces.",https://picsum.photos/371/63
10,Tongs,Use for grabbing and flipping ingredients while cooking.,https://picsum.photos/981/428
11,Rolling pin,"Use for rolling out dough for pastries, bread, or cookies.",https://placekitten.com/912/593
12,Grater,"Use to grate cheese, vegetables, or citrus zest.",https://picsum.photos/954/886
13,Vegetable peeler,Use to peel the skin off vegetables or fruits.,https://picsum.photos/162/773
14,Can opener,Use to open canned goods.,https://picsum.photos/667/1007
15,Kitchen shears,"Use for cutting herbs, trimming meat, or opening packages.",https://dummyimage.com/453x75
16,Colander,Use for draining liquids from cooked pasta or washing vegetables.,https://picsum.photos/394/319
17,Strainer,Use for straining liquids or sifting dry ingredients.,https://picsum.photos/355/885
18,Sifter,Use to aerate and break up clumps in dry ingredients.,https://placekitten.com/222/970
19,Kitchen scale,Use to measure ingredients by weight for precision.,https://placekitten.com/545/59
20,Blender,"Use to blend, puree, or emulsify ingredients.",https://placekitten.com/326/985
21,Food processor,"Use to chop, shred, slice, or puree ingredients.",https://placekitten.com/417/938
22,Stand mixer,"Use for mixing, beating, and kneading dough or batter.",https://placekitten.com/936/804
23,Hand mixer,"Use for mixing, beating, and whipping ingredients.",https://placekitten.com/973/106
24,Immersion blender,Use to blend or puree ingredients directly in the pot or container.,https://placekitten.com/306/711
25,Pastry brush,"Use to brush egg wash, butter, or glaze onto pastries or meats.",https://dummyimage.com/899x192
26,Basting brush,Use to coat meat or poultry with drippings or marinade while cooking.,https://picsum.photos/469/11
27,Pastry cutter,Use to cut butter or shortening into flour when making pastry dough.,https://picsum.photos/227/840
28,Garlic press,Use to crush garlic cloves into small pieces or paste.,https://placekitten.com/31/381
29,Citrus juicer,"Use to extract juice from citrus fruits like lemons, limes, or oranges.",https://placekitten.com/921/493
30,Mortar and pestle,"Use to grind, crush, or mix spices, herbs, or grains.",https://dummyimage.com/589x182
31,Microplane zester,"Use to grate citrus zest, cheese, or spices.",https://picsum.photos/260/749
32,Mandoline slicer,Use to slice fruits or vegetables thinly and uniformly.,https://dummyimage.com/466x962
33,Egg separator,Use to separate egg yolks from egg whites.,https://picsum.photos/347/514
34,Potato masher,"Use to mash cooked potatoes, vegetables, or beans.",https://picsum.photos/67/616
35,Ice cream scoop,"Use to scoop and serve ice cream, sorbet, or mashed potatoes.",https://placekitten.com/497/639
36,Pizza cutter,Use to cut pizza or flatbreads into slices.,https://picsum.photos/1013/345
37,Cookie cutters,Use to cut cookie dough into various shapes before baking.,https://picsum.photos/923/946
38,Piping bags and tips,"Use to pipe frosting, icing, or batter for decorating cakes or pastries.",https://picsum.photos/501/538
39,Pastry bag,"Use to pipe fillings, frosting, or batter for decorating desserts.",https://picsum.photos/381/745
40,Cake decorating comb,Use to create textured designs on frosted cakes or desserts.,https://dummyimage.com/112x282
41,Food thermometer,Use to measure the internal temperature of food for doneness.,https://dummyimage.com/303x870
42,Timer,Use to set cooking or baking times for recipes.,https://placekitten.com/761/234
43,Kitchen torch,"Use to caramelize sugar, melt cheese, or brown meringue.",https://placekitten.com/820/297
44,Cooking twine,"Use to truss poultry, tie roasts, or secure stuffed meats.",https://placekitten.com/910/952
45,Meat tenderizer,Use to pound or tenderize meat to make it more tender.,https://placekitten.com/39/261
46,Fish scaler,Use to remove scales from fish before cooking.,https://dummyimage.com/655x156
47,Oyster shucker,Use to open oysters by prying apart the shell.,https://placekitten.com/864/526
48,Apple corer,Use to remove the core from apples or pears.,https://picsum.photos/366/692
49,Melon baller,Use to scoop out melon or other fruits into round balls.,https://placekitten.com/564/594
50,Nutcracker,Use to crack open shells of nuts to access the nutmeat.,https://dummyimage.com/757x797