1,Italian Classics,Recipes for traditional Italian dishes like lasagna and spaghetti.,https://placekitten.com/773/340
2,Breakfast Delights,Start your day with delicious breakfast recipes like pancakes and French toast.,https://dummyimage.com/177x1
3,Comfort Food Favorites,"Warm and satisfying comfort food recipes, perfect for cozy nights in.",https://dummyimage.com/929x519
4,Healthy Eating,Nutritious and delicious recipes for a balanced diet.,https://dummyimage.com/713x933
5,Vegetarian Delights,Meat-free recipes packed with flavor and goodness.,https://dummyimage.com/308x607
6,Quick and Easy Meals,"Simple recipes that are ready in no time, perfect for busy weeknights.",https://picsum.photos/508/884
7,Summer BBQ,Grilled recipes and summer favorites for outdoor gatherings.,https://picsum.photos/259/896
8,Family Favorites,"Recipes loved by the whole family, from kids to adults.",https://placekitten.com/594/179
9,One-Pot Wonders,"Easy recipes that require only one pot or pan, for minimal cleanup.",https://picsum.photos/452/748
10,Dessert Extravaganza,Indulgent dessert recipes to satisfy your sweet tooth.,https://dummyimage.com/518x304
11,Holiday Specials,Festive recipes perfect for holiday celebrations.,https://picsum.photos/909/75
12,Asian Cuisine,Delicious recipes inspired by Asian flavors and ingredients.,https://picsum.photos/943/501
13,Mediterranean Feasts,Healthy and flavorful recipes from the Mediterranean region.,https://dummyimage.com/300x532
14,Slow Cooker Creations,Tasty recipes that simmer all day in the slow cooker for maximum flavor.,https://placekitten.com/893/887
15,Gluten-Free Goodness,Recipes that are gluten-free and delicious for those with dietary restrictions.,https://picsum.photos/830/604
16,Soup Season,Warm and comforting soup recipes for chilly days.,https://placekitten.com/28/352
17,Appetizer Heaven,Tasty appetizers and finger foods perfect for parties and gatherings.,https://dummyimage.com/160x1002
18,Seafood Sensations,Delicious seafood recipes featuring fresh fish and shellfish.,https://placekitten.com/373/73
19,Vegan Vibes,Plant-based recipes that are vegan-friendly and full of flavor.,https://placekitten.com/945/681
20,Holiday Baking,Bake up a storm with these festive holiday baking recipes.,https://picsum.photos/827/701