1,Preheat the oven to 350°F.
2,Chop the onions finely.
3,Whisk together the eggs and milk.
4,Heat the olive oil in a skillet over medium heat.
5,Grate the cheese and set aside.
6,Rinse the vegetables under cold water.
7,Season the chicken with salt and pepper.
8,Melt the butter in a saucepan over low heat.
9,Peel and mince the garlic cloves.
10,Cook the pasta according to package instructions.
11,Sauté the onions until translucent.
12,Mix the dry ingredients in a large bowl.
13,Add the chopped tomatoes to the pan.
14,Stir-fry the vegetables for 5 minutes.
15,Beat the egg whites until stiff peaks form.
16,Marinate the meat with soy sauce and ginger.
17,Toast the bread until golden brown.
18,Blanch the spinach in boiling water.
19,Simmer the sauce for 10 minutes.
20,Toss the salad with vinaigrette dressing.
21,Grill the steak for 3 minutes on each side.
22,Spread the peanut butter evenly on the toast.
23,Steam the broccoli until tender.
24,Fold the whipped cream into the pudding.
25,Roast the peppers until charred.
26,Drizzle the olive oil over the salad.
27,Boil the potatoes until fork-tender.
28,Glaze the ham with honey and mustard.
29,Blend the ingredients until smooth.
30,Stuff the peppers with the rice mixture.
31,Garnish the dish with fresh herbs.
32,Crack the eggs into a hot pan.
33,Layer the lasagna noodles with sauce and cheese.
34,Knead the dough until it's smooth.
35,Dip the shrimp in the egg wash and breadcrumbs.
36,Roll the sushi tightly with a bamboo mat.
37,Sauté the mushrooms until golden brown.
38,Whisk the sauce until thickened.
39,Fold the omelette in half.
40,Sprinkle the cinnamon over the apple slices.
41,Crush the cookies into fine crumbs.
42,Glaze the doughnuts with chocolate icing.
43,Slice the cucumber into thin rounds.
44,Mix the batter until there are no lumps.
45,Season the soup with salt and pepper to taste.
46,Arrange the fruit in a decorative pattern.
47,Roast the nuts until fragrant.
48,Spread the frosting evenly on the cake.
49,Poach the eggs in simmering water.
50,Garnish the dish with a sprig of parsley.