1,#of
2,#lay
3,#perform
4,#charge
5,#section
6,#reason
7,#say
8,#notice
9,#fight
10,#behind
11,#side
12,#executive
13,#final
14,#natural
15,#as
16,#care
17,#although
18,#play
19,#computer
20,#year
21,#work
22,#down
23,#car
24,#these
25,#local
26,#great
27,#method
28,#eat
29,#heavy
30,#wall
31,#fast
32,#why
33,#even
34,#environmental
35,#leg
36,#challenge
37,#alone
38,#new
39,#event
40,#actually
41,#stop
42,#eat
43,#couple
44,#change
45,#when
46,#TV
47,#off
48,#few
49,#amount
50,#quite